"ID","NAME","PRICE","STOCK","SPD"
"2","Simple Bed","1000","2","0.027905027177849"
"3","Oak Bed","20000","9","0.020952461861403"
"4","Mahogany Bed","70000","3","1.7217678889492"
"5","Bronze Bed","80000","6","1.9192664137263"
"6","Noble's Bed","300000","10","1.0770966858832"
"8","Royal Bed","20000","5","0.17458061755065"
"22","Workbench","1000","0","0.046462669519776"
"23","Maple Table","2000","1","0.041375838975349"
"24","Oak Table","10000","1","0.028890861567023"
"21","Desk","3000","1","0.018890186253082"
"26","Tarutaru Desk","2000","2","0.020208338709944"
"29","Secretaire","3000","3","0.024689388913278"
"30","Bureau","10000","3","0.047651952258568"
"32","Dresser","20000","2","0.15743353598892"
"33","Millionaire Desk","20000","0","0.23968009365278"
"43","Wicker Box","3000","0","0.027530744576634"
"46","Armor Box","3000","2","0.037149116597017"
"49","Coffer","10000","3","0.030054957158885"
"51","Chest","1000","1","0.030218063619768"
"55","Cabinet","4000","2","0.088015885400383"
"56","Commode","9000","2","0.051162692922287"
"59","Chiffonier","20000","2","0.029879260605327"
"61","Armoire","10000","2","0.1639952087585"
"76","Royal Bookshelf","9500","1","0.065559158004309"
"77","Bookshelf","30000","0","0.3356608669079"
"87","Kadomatsu","1000","0","0.012072612374287"
"86","San d'Orian Tree","20000","0","0.013430024407443"
"90","Rusty Bucket","100","5","0.054239720581066"
"91","Blue Pitcher","10000","5","0.028702684695647"
"92","Tarutaru Stool","1250","1","0.028003632874992"
"93","Water Cask","1000","1","0.01026418425411"
"97","Book Holder","1000","0","0.020986269762156"
"95","Water Barrel","1000","1","0.029054257878289"
"96","Beverage Barrel","8000","4","0.044259200565731"
"98","Scimitar Cactus","8500","1","0.031237239822535"
"99","Elshimo Palm","10000","2","0.0630129768662"
"102","Flower Stand","10000","1","0.037664730885498"
"103","Goldfish Bowl","100000","1","0.019002389339322"
"107","Water Jug","1000","1","0.019980099450945"
"104","Taru F. Screen","3000","2","0.031634760289252"
"110","White Jar","1000","0","0.022242014296951"
"112","Yellow Jar","1000","1","0.020283786989229"
"113","Cleaning Tool Set","5000","1","0.029618120816072"
"115","Bastokan Tree","20000","0","0.0071231316619245"
"116","Windurstian Tree","20000","0","0.0075243678231972"
"122","Amir Bed","10000","1","0.034289696516898"
"123","Athenienne","10000","2","0.044027946412853"
"120","F. Aquarium","10000","1","0.058690481670066"
"124","Wardrobe","10000","1","0.069477218508506"
"126","Falsiam Vase","5000","1","0.029391258060144"
"127","Coffee Table","10000","1","0.03614796537035"
"125","Reliquary","17500","4","0.043425270326831"
"121","S. Aquarium","10000","2","0.076394985701936"
"128","Console","9000","2","0.035324941544581"
"132","Tableware Set","10000","1","0.040188056662146"
"133","Tea Set","10000","1","0.035460063501586"
"130","Marble Bed","9000","1","0.039133995479933"
"143","Ngoma","5000","1","0.012563463700069"
"139","Star Globe","10000","1","0.20111156971584"
"144","Caisson","4055","2","0.022996311546001"
"146","Walahra Burner","10000","1","0.042621046361487"
"150","Leather Pot","10000","1","0.015793906568708"
"148","Cartonnier","30000","0","0.22028268080963"
"145","Thurible","20000","2","0.23042779880965"
"147","Imperial Tapestry","10000","2","0.037647848854205"
"149","Alchemist's Tools","10000","0","0.064150007426997"
"185","Rook Banner","10000","2","0.027748960753245"
"188","Acolyte's Grief","10000","1","0.026657301561705"
"189","Autumn's End","5000","1","0.026633109113585"
"186","Shield Plaque","20000","1","0.05437409034318"
"187","Buckler Plaque","10000","3","0.030730018914896"
"195","The Big One","10000","2","0.19427393758464"
"200","Tsahyan Mask","10000","2","0.04567296980081"
"201","Totem Pole","10000","1","0.035253625517123"
"206","Ancient Blood","5000","1","0.025240409643435"
"207","Fire Lamp","20000","0","0.025334703542008"
"208","Ice Lamp","10000","4","0.025701709928812"
"209","Wind Lamp","10000","2","0.026836454453365"
"210","Earth Lamp","10000","0","0.021615304500198"
"211","Lightning Lamp","10000","1","0.02618210396345"
"212","Water Lamp","20000","6","0.024378105224638"
"213","Light Lamp","10000","3","0.032106459072644"
"214","Dark Lamp","10000","4","0.026585425381176"
"218","Earthen Flowerpot","10000","7","0.13883691431873"
"220","Wooden Flowerpot","10000","0","0.28288841381389"
"219","Ceramic Flowerpot","10000","3","0.18038118301913"
"221","Arcane Flowerpot","30000","6","0.36470598366016"
"222","Fighting Fish Tank","200000","1","0.015211853073854"
"223","River Aquarium","10000","3","0.046910248348393"
"217","Brass Flowerpot","10000","0","0.18194964349873"
"216","Porc. Flowerpot","3000","4","0.11211633730979"
"224","Bay Aquarium","10000","9","0.061213876267542"
"225","Reef Aquarium","20000","5","0.073407699070847"
"314","9-Drawer Almirah","10000","1","0.22533274134806"
"315","6-Drawer Almirah","10000","2","0.084896146269143"
"316","3-Drawer Almirah","10000","1","0.096938702696269"
"317","Bronze Rose","10000","3","0.035927257781775"
"318","Crystal Rose","10000","4","0.07385001298273"
"319","Shell Lamp","10000","4","0.03935600744674"
"321","Mythril Bell","40000","4","0.036548624086437"
"322","Horn Trophy","50000","1","0.019699177957408"
"326","Yellow Hobby Bo","10000","0","0.02633124881677"
"327","Red Hobby Bo","10000","4","0.025455431252128"
"328","Black Hobby Bo","10000","4","0.026500545868304"
"329","Blue Hobby Bo","10000","1","0.027755094876519"
"330","Green Hobby Bo","10000","4","0.02612689248664"
"331","Winged Altar","10000","0","0.16118152024022"
"332","Winged Plaque","10000","1","0.1309463788825"
"333","Winged Balance","10000","0","0.13705667242643"
"343","Harp Stool","10000","3","0.039217117400254"
"349","Ryl. Sqr. Bunk","10000","2","0.024404956183359"
"351","Fed. Mrc. Hammock","10000","2","0.030430311441629"
"353","Spence","10000","1","0.11308145660434"
"352","Half Partition","10000","1","0.057472613867117"
"354","Bookstack","19500","3","0.11610305263951"
"350","Rep. Lgn. Bedding","20000","5","0.020964908048811"
"355","Bread Crock","29500","2","0.024178800212673"
"357","Partition","10000","5","0.042838749394109"
"358","Credenza","10000","4","0.049949194038536"
"360","Matka","10000","3","0.019997065708344"
"361","Gallipot","10000","0","0.014966283379976"
"362","Fluoro-flora","10000","1","0.083752376328275"
"359","Bahut","1000","1","0.050525529245855"
"363","Amigo Cactus","5000","0","0.031963902809403"
"364","Amiga Cactus","10000","2","0.028467235477176"
"368","San. Tea Set","8000","1","0.051720698554122"
"369","Bas. Tea Set","10000","3","0.032080016591309"
"370","Win. Tea Set","10000","2","0.03557097901495"
"371","Butterfly Cage","5000","2","0.050454744996054"
"372","Cricket Cage","4500","3","0.047256464684369"
"373","Glowfly Cage","4000","6","0.054766167039066"
"374","Parclose","10000","2","0.058276852226549"
"378","Blue 9D Almirah","10000","0","0.13062426272506"
"379","Blue 6D Almirah","10000","4","0.08806605116923"
"380","Blue 3D Almirah","10000","3","0.056625254381091"
"381","Green 9D Almirah","10000","2","0.11342076096141"
"383","Green 3D Almirah","30000","4","0.096069590676606"
"382","Green 6D Almirah","10000","2","0.080580569573683"
"385","Yellow 6D Almirah","10000","2","0.059368843231072"
"384","Yellow 9D Almirah","10000","2","0.1314529516041"
"386","Yellow 3D Almirah","10000","4","0.045928773084591"
"387","White 9D Almirah","20000","0","0.12400297446394"
"388","White 6D Almirah","10000","2","0.13628760268025"
"389","White 3D Almirah","10000","5","0.067209683571209"
"390","Carmine Desk","10000","0","0.010315609201878"
"391","Cerulean Desk","15000","1","0.013200133928836"
"392","Myrtle Desk","20000","4","0.011812295661827"
"393","Ecru Desk","10000","1","0.019028293835213"
"394","B. Tarutaru Desk","10000","3","0.013772945344362"
"395","G. Tarutaru Desk","20000","2","0.01458646448859"
"396","Y. Tarutaru Desk","10000","5","0.004812127305544"
"397","W. Tarutaru Desk","20000","1","0.022703886816079"
"402","Blue Noble's Bed","10000","0","0.088325970757111"
"404","Yel. Noble's Bed","10000","1","0.19414716408968"
"403","Green Noble's Bed","10000","0","0.082345801625037"
"405","White Noble's Bed","10000","0","0.13070490608126"
"406","B. Tarutaru Screen","10000","4","0.029134881769571"
"407","G. Tarutaru Screen","10000","4","0.028468738142556"
"408","Y. Tarutaru Screen","10000","6","0.028225387006808"
"410","Red Round Table","10000","1","0.027188032261193"
"409","W. Tarutaru Screen","10000","0","0.039736272932049"
"411","Blue Round Table","20000","1","0.027497988222994"
"412","Green Rnd. Table","10000","3","0.026254032842786"
"413","Yellow Rnd. Table","10000","3","0.018437018566287"
"414","White Rnd. Table","10000","3","0.038467724052387"
"418","Tidings Board","10000","5","0.034095728018378"
"417","Storage Hutch","10000","0","0.063319716418546"
"416","Tomeshelf","10000","1","0.055266315003181"
"419","Leisure Table","100000","17","1.6348662475051"
"420","Meadsweet Pot","20000","4","0.051960045371223"
"421","R. Orchid Vase","10000","2","0.058460467144331"
"422","Elshimo Pachira","20000","2","0.063403390998277"
"423","Tavern Bench","10000","2","0.056414205002796"
"424","Feasting Table","20000","3","0.039340041660376"
"425","Girandola","10000","0","0.053588323114317"
"429","R. Storm Lantern","10000","2","0.048309946957691"
"430","B. Storm Lantern","10000","3","0.055046267152073"
"431","G. Storm Lantern","10000","4","0.048172381656265"
"432","Y. Storm Lantern","10000","3","0.046062578273062"
"433","W. Storm Lantern","10000","4","0.046711594570348"
"440","Squat Desk","5000","1","0.025772807475947"
"445","Vaisselier Royale","10000","1","0.079082820875434"
"450","Candelabrum","10000","0","0.073144055931363"
"460","Bakery Platter","10000","2","0.049729918768135"
"459","Candle Holder","10000","0","0.03274958809812"
"472","Bkn. S.H. Rod","1000","2","0.012664019149605"
"473","Broken Comp. Rod","1000","0","0.15480296628284"
"482","Bkn. Clothespole","1000","3","0.019768317153362"
"487","Bkn. Bamboo Rod","500","2","0.0072322461749454"
"486","Bkn. Yew Rod","500","3","0.0073118539386765"
"483","Bkn. Mithran Rod","1000","1","0.046391031204755"
"484","Bkn. Taru. Rod","1000","1","0.023346081951362"
"485","Bkn. Willow Rod","1000","4","0.020797191793705"
"488","Bkn. Fast. Rod","1000","2","0.018408103983698"
"489","Bkn. Lu Rod","500000","3","0.4296327664203"
"492","Drachenfall Water","1000","3","0.033313748910372"
"491","Bkn. Glass Rod","1000","1","0.030045886954896"
"490","Bkn. Carbon Rod","500","3","0.054120868812831"
"493","Brass Canteen","1000","1","0.0063446023876171"
"497","Gigas Socks","","4","0.98724736922572"
"503","Sunsand","","8","2.3762140968901"
"498","Yagudo Necklace","","23","3.3978077847552"
"499","Gigas Necklace","","0","0.054817593442679"
"501","Quadav Helm","","1","0.10839508382127"
"505","Sheepskin","","10","0.13576146484358"
"507","Goblin Mail","","0","0.35558889018485"
"508","Goblin Helm","","1","0.80832878024684"
"510","Goblin Armor","","7","0.12310779472391"
"511","Goblin Mask","","2","0.42072900649909"
"506","Coeurl Leather","","5","0.15385332051792"
"532","Magicmart Flyer","","2","0.0050669917980612"
"533","Derfland Humus","2000","1","0.088760875981085"
"536","Adventurer Cpn.","550","4","0.025161963100715"
"529","Luminicloth","","15","2.3665190148707"
"534","Gausebit Grass","","37","35.701594175351"
"544","Test Answers","10000","0","0.36200684528129"
"546","Starfall Tear","10000","7","0.047092608115308"
"548","Tenshodo Invite","15000","16","7.5603118628643"
"550","Steam Clock","1000","1","0.012633799889174"
"551","Bruised Starfruit","10000","0","0.28330960178212"
"560","Zeruhn Soot","","3","0.025063256148503"
"564","Fingernail Sack","","1","0.0051893797313693"
"568","Goblin Die","","3","0.0046817793999951"
"565","Teeth Sack","","0","0.0043275613418583"
"566","Goblin Cup","","1","0.0054282620923719"
"572","Herb Seeds","","2","0.022538510331768"
"573","Vegetable Seeds","","4","0.027705874690818"
"574","Fruit Seeds","","1","0.022339488679511"
"575","Grain Seeds","","2","0.026672859544852"
"596","Quadav Backplate","","2","0.44976991457807"
"597","Mine Gravel","10000","2","0.88220302432266"
"606","Fetich Head","20000","0","4.1081118091097"
"605","Pickaxe","","2","0.37768929861961"
"607","Fetich Torso","20000","0","4.465185506752"
"608","Fetich Arms","20000","0","4.4167579156583"
"609","Fetich Legs","20000","0","4.1072642482613"
"611","Rye Flour","","0","0.0064601743992868"
"613","Faded Crystal","3000","8","0.55846855511774"
"610","San d'Or. Flour","","1","0.024505947199134"
"612","Kazham Peppers","","2","0.033584583071773"
"614","Mhaura Garlic","","1","0.020904743153631"
"616","Pie Dough","","0","0.0030279642928596"
"615","Selbina Butter","","3","3.3301188436162"
"617","Ginger","","0","0.016895829389669"
"618","Blue Peas","","0","0.017436948649587"
"619","Popoto","","0","0.031756938041905"
"620","Tarutaru Rice","","0","0.020266161313671"
"621","Crying Mustard","","0","0.0066506774915842"
"622","Dried Marjoram","","3","0.018187127837745"
"624","Pamtam Kelp","","1","0.364303302401"
"623","Bay Leaves","","0","0.019995721748701"
"625","Apple Vinegar","","0","0.01831175984778"
"629","Millioncorn","","0","0.018697909280289"
"626","Black Pepper","","1","0.13088116166241"
"628","Cinnamon","","0","0.030508221849264"
"627","Maple Sugar","","0","0.038387779037278"
"630","Ogre Pumpkin","","1","0.0055885801310663"
"631","Horo Flour","","1","0.0027023737904723"
"633","Olive Oil","","0","0.034737263980193"
"632","Kukuru Bean","","0","0.0040350375068608"
"635","Win. Tea Leaves","","1","0.035005657303172"
"637","Slime Oil","","5","1.5025433676797"
"636","Chamomile","","1","0.019370222328497"
"638","Sage","","0","0.019250709363017"
"639","Chestnut","","0","0.0071416365793361"
"640","Copper Ore","","1","0.04475282409226"
"642","Zinc Ore","","11","0.33318812912397"
"641","Tin Ore","","0","0.027257479087882"
"644","Mythril Ore","","2","2.4301692005306"
"643","Iron Ore","","1","0.16042350021574"
"645","Darksteel Ore","","4","3.3888758581034"
"646","Adaman Ore","","4","3.9461172307392"
"647","Molybdenum Ore","","3","1.3718536282988"
"648","Copper Ingot","","0","0.13478427776344"
"649","Bronze Ingot","","3","0.046200411331245"
"650","Brass Ingot","","2","0.19492283762892"
"651","Iron Ingot","","5","0.74523412427055"
"652","Steel Ingot","","6","8.1442589572709"
"653","Mythril Ingot","","20","8.4299097882571"
"654","Darksteel Ingot","","11","9.4064159595524"
"655","Adaman Ingot","","18","5.7551963294637"
"656","Beastcoin","","3","0.022017624129555"
"658","Damascus Ingot","","17","8.8423844963525"
"657","Tama-Hagane","","18","2.5734199082623"
"659","Tin Ingot","","2","0.017607804137471"
"661","Brass Sheet","","0","0.62244260020209"
"660","Bronze Sheet","","4","0.038236722736159"
"662","Iron Sheet","","3","0.12955832367844"
"663","Mythril Sheet","","2","0.51939151840864"
"664","Darksteel Sheet","","19","2.7905426442717"
"665","Adaman Sheet","","4","0.16627134243748"
"667","Blsd. Mtl. Sheet","","2","0.12788940881789"
"666","Steel Sheet","","5","0.056889986420808"
"669","Mlbd. Sheet","","6","0.037809058861458"
"670","Aluminum Sheet","","1","0.003462370184077"
"668","Ocl. Sheet","","0","12.702631973583"
"671","Silver Sheet","","1","0.003692862295951"
"672","Bronze Scales","","0","0.016821581549176"
"675","Adaman Scales","","1","0.0026537340031949"
"673","Brass Scales","","4","0.015498429044949"
"674","Iron Scales","","1","0.04277491783775"
"676","Steel Scales","","0","0.0073853198620711"
"678","Aluminum Ore","","2","0.030823793933976"
"679","Aluminum Ingot","","1","0.08372716920476"
"680","Iron Chain","","6","0.19734059790364"
"681","Mythril Chain","","2","0.069771519753391"
"684","Aluminum Chain","","1","0.00088062222442514"
"682","Darksteel Chain","","11","0.18897556782128"
"687","Scarletite Ingot","100000","2","40.499493756328"
"685","Khroma Ore","","19","0.3446080251232"
"683","Adaman Chain","","6","0.081728650248882"
"686","Im. Wootz Ingot","","3","1.6704380414423"
"688","Arrowwood Log","","4","0.028598581335597"
"689","Lauan Log","","1","0.025305365764987"
"692","Beech Log","","1","0.051932919834289"
"690","Elm Log","","0","0.36463265791886"
"693","Walnut Log","","1","0.038434040944656"
"691","Maple Log","","4","0.028073319322018"
"694","Chestnut Log","","3","0.071844657481593"
"696","Yew Log","","3","0.020715753549418"
"697","Holly Log","","1","0.027184047897286"
"695","Willow Log","","1","0.031968161605451"
"698","Ash Log","","1","0.05085888591091"
"700","Mahogany Log","","1","1.3607529247526"
"701","Rosewood Log","","0","0.6216506234278"
"699","Oak Log","","0","0.073556588590491"
"702","Ebony Log","","4","0.699641822256"
"703","Petrified Log","","9","6.4984002202236"
"705","Arrowwood Lbr.","","0","0.017561622248676"
"704","Bamboo Stick","","2","0.041955028987137"
"706","Lauan Lumber","","1","0.018254951775045"
"709","Beech Lumber","","3","0.094074434305601"
"708","Maple Lumber","","1","0.018771081048327"
"707","Elm Lumber","","3","0.058620312329024"
"710","Chestnut Lumber","","2","0.032269826665539"
"711","Walnut Lumber","","1","0.040479877326481"
"712","Willow Lumber","","1","0.015989407576781"
"713","Yew Lumber","","1","0.024159316329824"
"715","Ash Lumber","","2","0.045499049691261"
"714","Holly Lumber","","2","0.031209412412012"
"716","Oak Lumber","","0","0.12467548659154"
"717","Mahogany Lbr.","","5","0.58287520736258"
"718","Rosewood Lbr.","","1","1.2877520767238"
"719","Ebony Lumber","","13","0.46851442102571"
"721","Rattan Lumber","","2","0.014594583771321"
"720","Ancient Lumber","","8","1.4256734079238"
"722","Divine Log","","3","6.4674531409066"
"723","Divine Lumber","","6","0.089237397649921"
"726","Stl. Wal. Lumber","","0","0.0015958926672966"
"727","Dogwood Log","","1","0.029026004014014"
"729","Bloodwood Log","","6","0.056064837413802"
"728","Dogwd. Lumber","","1","0.019594126803818"
"731","Aquilaria Log","","4","0.033176340127157"
"732","Kapor Log","","2","0.084490443319205"
"733","Kapor Lumber","10000","4","0.033379186961199"
"730","Bldwd. Lumber","","8","0.054756922044966"
"734","Thokcha Ore","5000","4","0.078646070037675"
"735","Thokcha Ingot","10000","7","0.091755533777304"
"736","Silver Ore","","3","0.085906397304241"
"737","Gold Ore","","2","3.1187124915264"
"741","P. Brass Ore","50000","0","3.8969579372103"
"740","Phrygian Ore","","10","1.7533107946313"
"738","Platinum Ore","","0","4.9569138621473"
"743","Ph. Gold Ingot","","4","0.20853349974822"
"742","P. Brass Ingot","200000","0","5.4894296711298"
"739","Orichalcum Ore","","1","7.2624693404434"
"744","Silver Ingot","","4","0.88958902840198"
"745","Gold Ingot","","8","9.9999768519054"
"749","Mtl. Beastcoin","","12","3.1076520897162"
"748","Gold Beastcoin","","13","3.6192756589469"
"750","Silver Beastcoin","","12","1.8863187311013"
"751","Plt. Beastcoin","","5","0.32845803777496"
"747","Ocl. Ingot","","8","8.639395242333"
"746","Platinum Ingot","","6","3.3128631112693"
"753","Ph. Gold Sheet","","1","0.0051485522059478"
"752","Gold Sheet","","7","3.2130521317708"
"755","P. Brass Sheet","10000","1","0.12813964753707"
"758","Durium Sheet","","12","0.98626736840808"
"757","Durium Ingot","","4","0.10138651932452"
"756","Durium Ore","","3","0.079314317444209"
"759","Durium Chain","","6","0.32689469337164"
"754","Platinum Sheet","","10","2.0027881407126"
"765","P. Brass Chain","600000","0","11.390062170756"
"766","Ormolu Ingot","1000","53","0.70746999885036"
"763","Ocl. Chain","","2","0.36834862150644"
"767","Carnelian","","6","0.045404874318362"
"760","Silver Chain","","1","0.27758552766728"
"764","Brass Chain","","3","0.0063417713948244"
"761","Gold Chain","","0","2.5059966992775"
"762","Platinum Chain","","7","0.044469707996662"
"769","Red Rock","","0","0.056129055770908"
"770","Blue Rock","","0","0.071051589177343"
"772","Green Rock","","2","0.071302230431148"
"768","Flint Stone","","0","0.22622561260403"
"773","Translucent Rock","","0","0.058055731298079"
"775","Black Rock","","1","0.086894660017401"
"774","Purple Rock","","0","0.049547632409969"
"771","Yellow Rock","","4","2.8219782459445"
"776","White Rock","","1","0.071170126668822"
"777","Fulmenite","","1","0.035533272537988"
"779","Aventurine","","1","0.042394248968902"
"778","Heliodor","","3","1.1349887880448"
"780","Clarite","","3","0.03303077904331"
"781","Larimar","","2","0.034689893670417"
"782","Selenite","","1","0.034885435905473"
"783","Tenebrite","","1","0.053763285629701"
"784","Jadeite","","1","0.22835903050808"
"785","Emerald","","2","0.083660407764313"
"788","Peridot","","5","8.0917060013486"
"787","Diamond","","1","0.14895695992085"
"790","Garnet","","4","1.0577543678889"
"791","Aquamarine","","6","0.13980242745557"
"789","Topaz","","7","0.09919935784949"
"786","Ruby","","2","3.0391031268994"
"792","Pearl","","2","0.050186556325017"
"793","Black Pearl","","1","0.13069302761169"
"794","Sapphire","","3","0.64878249656911"
"795","Lapis Lazuli","","2","0.024839155543229"
"796","Light Opal","","2","0.02438137523226"
"797","Painite","","8","8.7599055876842"
"799","Onyx","","3","0.020767751765832"
"798","Turquoise","","7","8.5662446337038"
"800","Amethyst","","1","0.020896393663136"
"801","Chrysoberyl","","0","0.051797440736414"
"803","Sunstone","","1","0.11110032397832"
"802","Moonstone","","8","0.15766298493183"
"805","Zircon","","1","0.071215679173629"
"807","Sardonyx","","1","0.023421088719117"
"804","Spinel","","2","0.18954611909367"
"806","Tourmaline","","2","0.02412723093111"
"808","Goshenite","","14","8.4565106323003"
"809","Clear Topaz","","2","0.01912721152406"
"810","Fluorite","","1","0.046806971937476"
"811","Ametrine","","2","0.037861493786324"
"814","Amber","","3","0.018878008135215"
"815","Sphene","","4","0.03845851676985"
"813","Angelstone","","5","3.9703838773004"
"812","Deathstone","","6","5.1810426608492"
"816","Silk Thread","","8","4.6625682116461"
"817","Grass Thread","","6","0.35476453284286"
"818","Cotton Thread","","7","0.91140624920885"
"819","Linen Thread","","2","0.29035350875749"
"824","Grass Cloth","","3","0.079578519738586"
"821","Rainbow Thread","","19","1.5375405472933"
"820","Wool Thread","","7","0.18190142315547"
"822","Silver Thread","","4","0.11342280975238"
"823","Gold Thread","","24","8.8826198793855"
"825","Cotton Cloth","","9","0.28399170323498"
"827","Wool Cloth","","7","7.621857086651"
"826","Linen Cloth","","3","7.6194104481166"
"832","Sheep Wool","","1","0.023824509588877"
"831","Shining Cloth","","1","1.8671367932704"
"833","Moko Grass","","1","0.022251475357804"
"828","Velvet Cloth","","5","15.749466814926"
"839","Crawler Cocoon","","0","0.033029016059419"
"835","Flax Flower","","0","0.018759938859275"
"838","Spider Web","","15","2.5003660836917"
"836","Damascene Cloth","","44","11.823210165771"
"837","Malboro Fiber","","34","12.978858281082"
"830","Rainbow Cloth","","13","8.1346127773677"
"829","Silk Cloth","","8","9.6348782592987"
"834","Saruta Cotton","","12","0.05901136941456"
"843","G. Bird Plume","","2","0.058938978061152"
"842","Giant Bird Fthr.","","1","0.029586713472665"
"841","Yagudo Feather","","6","0.019472697121764"
"840","Chocobo Fthr.","","2","0.1197436952727"
"845","Black C. Feather","","0","0.044798989268433"
"847","Bird Feather","","2","0.045845138412257"
"844","Phoenix Feather","","55","14.359124359324"
"846","Insect Wing","","2","0.039704387964442"
"848","Dhalmel Leather","","19","22.719981487422"
"852","Lizard Skin","","1","0.1267445529548"
"850","Sheep Leather","","6","2.4560260475207"
"849","Undead Skin","","3","0.08601385456216"
"854","Cockatrice Skin","","1","0.13852016534562"
"853","Raptor Skin","","1","0.61936940166048"
"855","Tiger Leather","","7","10.962574987058"
"851","Ram Leather","","25","8.8748097154514"
"857","Dhalmel Hide","","1","0.75264195620007"
"856","Rabbit Hide","","13","9.130895187046"
"858","Wolf Hide","","5","0.041963238862264"
"860","Behemoth Hide","","1","0.92019521771137"
"861","Tiger Hide","","2","0.62712716963137"
"863","Coeurl Hide","","1","0.12920822902087"
"859","Ram Skin","","8","0.39601956336643"
"862","Behem. Leather","","24","4.4816857778059"
"865","Nidhogg Scales","","1","0.032254825545894"
"867","Dragon Scales","","1","0.12772661584369"
"871","Calig. Wolf Hide","","2","0.003631845643966"
"864","Fish Scales","","0","0.018544517649262"
"866","Wyvern Scales","","2","0.20938087384235"
"868","Pugil Scales","","1","0.062085237023111"
"870","Smth. Shp. Lth.","","2","0.0037592133203017"
"869","Lizard Molt","","1","0.36368816164726"
"872","Tgh. Dhal. Lth.","","8","0.076851681218586"
"873","Light Ram Lth.","","0","0.0035356362672099"
"875","Amaltheia Lth.","","20","0.57904585842141"
"874","Amaltheia Hide","","3","0.22048655973647"
"878","Karakul Skin","","0","0.18228645700658"
"876","Manta Skin","","1","0.031630947906875"
"877","Manta Leather","","9","0.048483315628506"
"879","Karakul Leather","","1","5.4797717776532"
"880","Bone Chip","","7","1.4819220941206"
"883","Behemoth Horn","","0","1.8780795940566"
"881","Crab Shell","","4","0.093232130718699"
"886","Demon Skull","","27","3.2697126967031"
"884","Blk. Tiger Fang","","0","0.036257208029474"
"882","Sheep Tooth","","8","1.5666586036938"
"885","Turtle Shell","","4","0.052130704999726"
"887","Coral Fragment","","30","3.8972180899482"
"888","Seashell","","3","0.044669935244414"
"889","Beetle Shell","","3","0.029874186729724"
"894","Beetle Jaw","","5","0.14828532224168"
"895","Ram Horn","","0","0.35690329878614"
"891","Bat Fang","","0","1.0151129642144"
"893","Giant Femur","","5","0.54788307870721"
"896","Scorpion Shell","","1","0.051687501814895"
"897","Scorpion Claw","","3","0.12472161025068"
"900","Fish Bones","","5","0.028923445845337"
"898","Chicken Bone","","2","0.60585236555898"
"901","Venomous Claw","","5","1.3670968274809"
"903","Dragon Talon","","10","0.10880862763758"
"902","Demon Horn","","1","0.50833444923727"
"905","Wyvern Skull","3500","4","0.034631436783303"
"907","Cold Bone","3000","3","0.033438846569096"
"908","Adamantoise Shell","","5","5.7783520460984"
"909","Guivre's Skull","","5","0.03037543681302"
"912","Beehive Chip","","2","0.041935215043443"
"913","Beeswax","","6","1.268465793559"
"914","Mercury","","0","0.6478073744772"
"915","Toad Oil","","3","0.16664518666788"
"916","Cactuar Needle","","3","0.0032504794422976"
"917","Parchment","","2","3.8393379275041"
"919","Boyahda Moss","","5","0.34644968864839"
"921","Ahriman Tears","","4","0.080294112874676"
"918","Mistletoe","","2","0.050477075549869"
"920","Malboro Vine","","5","0.49304098893979"
"922","Bat Wing","","1","0.027910957301062"
"923","Dryad Root","","1","0.023073219406144"
"925","Giant Stinger","","1","0.044028072951582"
"924","Fiend Blood","","11","0.58696473605541"
"926","Lizard Tail","","2","0.044174073211839"
"927","Coeurl Whisker","","5","1.3498726057728"
"928","Bomb Ash","","12","2.3924968640015"
"929","Black Ink","","15","2.4306901640885"
"930","Beastman Blood","","4","1.6124246275467"
"931","Cermet Chunk","","9","7.9993333888843"
"933","Glass Fiber","","2","0.036832304809695"
"932","Carbon Fiber","","3","0.17590453921256"
"938","Papaka Grass","","4","0.32653310505243"
"937","Animal Glue","","2","0.71624449138351"
"936","Rock Salt","","3","0.053973697267979"
"935","Ahriman Wing","","0","0.8435023859207"
"941","Red Rose","","0","0.018140623010555"
"939","Hecteyes Eye","","1","0.51316585199608"
"940","Revival Root","","17","5.674496683966"
"942","Phil. Stone","","20","3.7933468910361"
"943","Poison Dust","","1","0.020196490534382"
"944","Venom Dust","","0","0.033065502760969"
"945","Paralysis Dust","","0","0.018802827539608"
"948","Carnation","","0","0.026368718701109"
"949","Rain Lily","","3","0.041745994121565"
"947","Firesand","","3","0.37877588926627"
"952","Poison Flour","","2","0.021227554072772"
"951","Wijnruit","","1","0.020328618135454"
"954","Magic Pot Shard","","1","0.1594080058981"
"955","Golem Shard","","0","0.13664979431834"
"953","Treant Bulb","","0","0.11601424676434"
"956","Lilac","","5","0.38889233470703"
"957","Amaryllis","","3","0.57729683962052"
"958","Marguerite","","1","0.65162086164189"
"961","Two of Cups","1000","0","0.014651374445324"
"959","Dahlia","","3","0.02048741533955"
"960","Ace of Cups","10000","1","0.038422010860053"
"962","Three of Cups","900000010","0","0.10506748250918"
"963","Four of Cups","1000","0","0.014118249819769"
"964","Five of Cups","244500011","1","0.011609617922395"
"965","Six of Cups","1000","0","0.026260141680394"
"966","Seven of Cups","498000000","1","0.026665845786587"
"968","Nine of Cups","1000","1","0.024990380728103"
"969","Ten of Cups","817500000","2","0.17006374241012"
"967","Eight of Cups","454500000","0","0.042211060284674"
"971","Queen of Cups","1000","0","0.032387242503242"
"970","Jack of Cups","784000000","1","0.067093861983267"
"972","King of Cups","10000","1","0.064444448057842"
"974","Two of Batons","860500000","2","0.076964335617666"
"973","Ace of Batons","533000000","0","0.055443494243059"
"975","Three of Batons","1000","2","0.012487408282759"
"976","Four of Batons","1000","0","0.0069070688181821"
"977","Five of Batons","1000","0","0.025048586139513"
"979","Seven of Batons","1000","1","0.0061515439769148"
"978","Six of Batons","1000","1","0.0088978172259941"
"980","Eight of Batons","1000","0","0.0077063692604543"
"981","Nine of Batons","1000","0","0.02818784568282"
"982","Ten of Batons","1000","3","0.029180302406957"
"983","Jack of Batons","2000","0","0.030430714215766"
"984","Queen of Batons","2000","1","0.032911174636619"
"985","King of Batons","2000","1","0.046720664146354"
"986","Ace of Swords","10000","0","0.026452115193181"
"988","Three of Swords","1000","1","0.0079030515831719"
"989","Four of Swords","968500000","0","0.30049483569714"
"987","Two of Swords","1000","0","0.0086379216828203"
"990","Five of Swords","1000","1","0.0054895032977333"
"991","Six of Swords","1000","1","0.010683652432652"
"993","Eight of Swords","856000000","0","0.13317060625086"
"992","Seven of Swords","449500005","0","0.031607993219559"
"994","Nine of Swords","1000","0","0.029221543953961"
"996","Jack of Swords","1000","0","0.030747283253326"
"995","Ten of Swords","1000","0","0.025402029154074"
"997","Queen of Swords","10000","1","0.026926111720252"
"998","King of Swords","2000","2","0.0396955746381"
"999","Ace of Coins","2000","1","0.030937588542734"
"1001","Three of Coins","1000","0","0.0032762775011594"
"1000","Two of Coins","1000","1","0.0045436079464033"
"1002","Four of Coins","1000","1","0.0034160982101982"
"1003","Five of Coins","1000","1","0.0069406706704732"
"1005","Seven of Coins","1000","1","0.0069230661982415"
"1004","Six of Coins","1000","2","0.0081845856406367"
"1006","Eight of Coins","1000","2","0.02702822337763"
"1007","Nine of Coins","1000","1","0.027324327125478"
"1008","Ten of Coins","1000","1","0.030617253396362"
"1010","Queen of Coins","1000","0","0.087124998477329"
"1009","Jack of Coins","5000","0","0.039176770540186"
"1011","King of Coins","5000","0","0.033762195801932"
"1015","Sand Bat Fang","","1","0.019798858719538"
"1016","Remi Shell","","1","0.0032558908501114"
"1021","Hatchet","","0","0.21235779831171"
"1022","Thief's Tools","","0","0.16225533716772"
"1020","Sickle","","0","0.050367769244729"
"1023","Living Key","","2","0.06083147672944"
"1102","Blazing Peppers","","0","0.0085331975716715"
"1111","Gelatin","","0","0.024251118853717"
"1109","Artificial Lens","","2","0.024552410968894"
"1108","Sulfur","","1","0.070252067671215"
"1110","Beetle Blood","","15","11.998700140818"
"1115","Skeleton Key","","9","0.20562103168068"
"1119","Tonberry Coat","","3","0.078690177227219"
"1116","Manticore Hide","","13","0.22102511653703"
"1118","Antican Pauldron","","0","0.46675066017667"
"1120","Casablanca","","2","0.0028733897581541"
"1117","Manticore Lth.","","10","0.52911154577733"
"1121","Antican Robe","","2","0.048690354020463"
"1123","Manticore Fang","","3","0.022594997489523"
"1122","Wyvern Skin","","4","0.17394745482258"
"1124","Wyvern Wing","","3","0.052803826986696"
"1132","Raxa","","49","8.9466740946152"
"1135","Norg Shell","120000","12","0.90365339537304"
"1134","Bast Parchment","","0","0.07040096871733"
"1133","Dragon Blood","","13","2.5069550593487"
"1155","Iron Sand","","4","0.023111411302665"
"1157","Sands of Silence","1000","1","0.018446195089888"
"1158","Wandering Bulb","","0","0.018697824062799"
"1156","Crawler Calculus","","1","0.023610686021599"
"1161","Uchitake","","0","0.0034406870877653"
"1162","Tonberry Lantern","","1","0.022805098124029"
"1163","Manticore Hair","","24","5.2669502529233"
"1164","Tsurara","","0","0.012910751762931"
"1167","Kawahori-Ogi","","0","0.0009463494724634"
"1165","Doll Shard","","1","0.23581536464834"
"1170","Makibishi","","1","0.0018076135450052"
"1173","Hiraishin","","0","0.0022943615314235"
"1176","Mizu-Deppo","","0","0.0011467439765253"
"1179","Shihei","","0","0.019539831716275"
"1182","Jusatsu","","0","0.0010034577225178"
"1185","Kaginawa","","2","0.0017433750652865"
"1188","Sairui-Ran","","0","0.0012900967494917"
"1191","Kodoku","","0","0.00065653433703553"
"1194","Shinobi-Tabi","","0","0.0024643088501853"
"1193","H.Q. Crab Shell","","0","1.7847574279167"
"1196","Qiqirn Cape","","5","0.044665926783861"
"1199","Northern Fur","500","4","0.09037461974408"
"1200","Eastern Pottery","1000","0","0.052788517383045"
"1201","Southern Mummy","1000","3","0.018176808195872"
"1209","Desert Venom","15000","6","0.46752563680076"
"1210","Damp Scroll","20000","1","0.029555632906478"
"1212","Mtl. Bolt Heads","","1","0.0022422389264336"
"1211","Brz. Bolt Heads","","0","0.00074854829876317"
"1214","Stone Arrowhd.","","1","0.00077548448453008"
"1213","Dst. Bolt Heads","","0","0.016331748377479"
"1215","Bone Arrowhd.","","1","0.0012446985524712"
"1216","Iron Arrowheads","","0","0.00018430091448535"
"1218","Fire Arrowheads","","1","0.00016930184067234"
"1217","Slv. Arrowheads","","0","0.0061689271115428"
"1219","Ice Arrowheads","","0","0.00066767583860462"
"1220","Ltng. Arrowhd.","","0","0.0003633969055702"
"1221","Chocobo Fltchg.","","0","0.004006375821204"
"1222","Yagudo Fltchg.","","0","0.0023836829124566"
"1224","Insect Fltchg.","","0","0.0026199659809893"
"1223","Bird Fletchings","","0","0.0011126210262697"
"1226","Mythril Nugget","","1","0.013146432850866"
"1225","Gold Nugget","","1","0.020698121774812"
"1227","Platinum Nugget","","2","0.046823150575242"
"1228","Dst. Nugget","","0","0.023034895344339"
"1229","Adaman Nugget","","1","0.048112130130482"
"1232","Bronze Nugget","","0","0.00017596015893789"
"1231","Brass Nugget","","0","0.00084693734448297"
"1230","Copper Nugget","","0","0.0062536858659657"
"1236","Cactus Stems","","0","0.040012039548604"
"1233","Silver Nugget","","0","0.0044039531172372"
"1235","Steel Nugget","","0","0.0030574569050152"
"1237","Tree Cuttings","","3","0.046714760161069"
"1234","Iron Nugget","","0","0.0013161777351586"
"1240","Koma","","0","0.001860917409844"
"1238","Tree Saplings","","4","0.068646022826614"
"1239","Goblin Doll","","3","0.0039792488889218"
"1244","Holy Bolt Heads","","2","0.0012979723481593"
"1242","Bln. Bolt Heads","","0","0.0030601861784597"
"1243","Acid Bolt Heads","","0","0.011619003549713"
"1245","Vnm. Bolt Heads","","0","0.0015303628777326"
"1248","Beetle Arrowhd.","","0","0.00079067076039198"
"1246","Bld. Bolt Heads","","1","0.01129578824246"
"1247","Slp. Bolt Heads","","0","0.0069560896198664"
"1241","Twinkle Powder","","1","0.048178942480912"
"1249","Horn Arrowheads","","0","0.0031488152466869"
"1252","Poison Arrowhd.","","0","0.00041009668285609"
"1253","Sleep Arrowhd.","","0","0.00063304340319952"
"1255","Fire Ore","","0","0.61293871052735"
"1256","Ice Ore","","0","0.92448280857877"
"1250","Scp. Arrowhd.","","0","0.003409222609625"
"1251","Demon Arrowhd.","","1","0.0025168434146064"
"1254","Blk. Chc. Fltchg.","","1","0.0024279189244684"
"1257","Wind Ore","","0","0.57329496503697"
"1258","Earth Ore","","0","0.83358208940824"
"1259","Lightning Ore","","0","0.5098424374434"
"1262","Dark Ore","","13","0.71497681124976"
"1264","Grt. Boyahda Moss","","3","0.23028647797782"
"1260","Water Ore","","0","0.59204562040419"
"1261","Light Ore","","0","0.58006665395533"
"1263","Leshonki Bulb","","1","0.94339519632775"
"1265","4Lf. Korrin Bud","","5","0.023222449309465"
"1268","Doll Gizmo","","0","0.019393096632209"
"1269","Mana Barrel","","1","0.007307537460282"
"1270","Arachne Web","","1","0.26018706124677"
"1272","Arioch Fang","","2","0.0060262756944161"
"1271","Pigeon's Blood","","5","0.2515411993333"
"1273","Namtar Bone","","1","0.013147519709397"
"1275","Amemet Skin","","4","0.09100534936606"
"1274","Southern Pearl","","1","0.26994820368842"
"1276","Tarasque Skin","","0","0.2043208950466"
"1279","Taffeta Cloth","","2","0.80237741456166"
"1277","Lindwurm Skin","","6","0.034742652966352"
"1278","Twinthread","","3","0.37045053302001"
"1280","Sarcenet Cloth","","13","0.098173930798969"
"1281","Cheviot Cloth","","15","0.051604122510003"
"1282","Flauros Whisker","","8","0.019530194304276"
"1283","Ose Whisker","","8","0.019585605492145"
"1284","Inferno Core","","4","0.0052875963915741"
"1285","Luminous Core","","2","0.0031245560990919"
"1287","Frigid Core","","1","0.0076290572471388"
"1286","Spirit Core","","1","0.0027936016821473"
"1295","Twincoon","","5","0.10741340198508"
"1293","Narasimha Hide","","0","0.03496021305207"
"1294","Arachne Thread","","23","0.75047842999912"
"1297","Narasimha Lth.","","4","0.0090005182870567"
"1299","Fire Bead","","2","0.54875330109408"
"1296","Yowie Skin","","4","0.04242846092516"
"1300","Ice Bead","","0","0.55679100720658"
"1302","Earth Bead","","1","0.48974566668613"
"1301","Wind Bead","","1","0.3153077765189"
"1303","Lightning Bead","","0","0.48518533742956"
"1307","Silver Leaf","","3","0.039639256704845"
"1304","Water Bead","","0","0.58681316710945"
"1305","Light Bead","","6","0.56859013338177"
"1306","Dark Bead","","3","0.89178112223223"
"1308","Mythril Leaf","","0","0.03692688007611"
"1309","Gold Leaf","","14","0.20471809820299"
"1310","Platinum Leaf","","9","0.17932223666301"
"1313","Siren's Hair","","87","11.008472956616"
"1311","Oxblood","","8","17.501215362178"
"1312","Angel Skin","","2","5.9100522875459"
"1344","Cursed Kabuto","5000","0","0.19335971410334"
"1345","Cursed Kabuto -1","2000000","0","0.0049605055017567"
"1347","Cursed Togi -1","2000000","0","0.0050652238439081"
"1346","Cursed Togi","10000","1","0.45290462834982"
"1348","Cursed Kote","5000","0","0.24583497507848"
"1349","Cursed Kote -1","1000000","0","0.0029282119468728"
"1350","Cursed Haidate","7000","2","0.26122826506759"
"1351","Cursed Haidate -1","1000000","0","0.012113236020439"
"1353","C. Sune-Ate -1","3000000","0","0.0022382622049342"
"1352","Cursed Sune-Ate","6000","1","0.29380158232555"
"1355","Cursed Celata -1","1501000","0","0.0047184256061451"
"1354","Cursed Celata","10000","4","0.32084670256486"
"1356","Cursed Hauberk","100000","2","0.82824515366344"
"1359","C. Mufflers -1","2500000","0","0.010049771606674"
"1358","Cursed Mufflers","5000","4","0.19337978626162"
"1357","Cursed Hauberk -1","17000000","0","0.015606456018428"
"1361","C. Breeches -1","1500000","0","0.0074619343903861"
"1360","Cursed Breeches","5000","1","0.32013561893368"
"1362","Cursed Sollerets","5000","0","0.25892526475858"
"1364","Cursed Crown","4000","2","0.29406633360478"
"1363","C. Sollerets -1","4000000","0","0.019353142101561"
"1365","Cursed Crown -1","600000","1","0.019081980157753"
"1366","Cursed Dalmatica","200000","1","0.97049275196924"
"1367","C. Dalmatica -1","5000000","0","0.0085943592070297"
"1369","Cursed Mitts -1","1000000","0","0.010224494677525"
"1370","Cursed Slacks","10000","0","0.52684147559517"
"1368","Cursed Mitts","10000","1","0.2988338424346"
"1371","Cursed Slacks -1","2000000","0","0.010341299325573"
"1372","Cursed Pumps","15000","1","0.31622749962649"
"1373","Cursed Pumps -1","3000000","0","0.0060427941896789"
"1375","Cursed Schaller -1","2500000","0","0.019108542523918"
"1374","Cursed Schaller","5000","1","0.23298877242207"
"1376","Cursed Cuirass","30000","0","0.46416501066129"
"1379","C. Handschuhs -1","3000000","0","0.003830658378488"
"1377","Cursed Cuirass -1","7924040","0","0.014647337053495"
"1378","C. Handschuhs","5000","1","0.26015271566615"
"1380","Cursed Diechlings","10000","0","0.42688679268589"
"1381","C. Diechlings -1","2000000","0","0.0065090045193277"
"1382","Cursed Schuhs","10000","1","0.34762713899324"
"1383","Cursed Schuhs -1","3000000","0","0.00444741501569"
"1384","Cursed Mask","4000","0","0.25496018548826"
"1385","Cursed Mask -1","1100000","0","0.018369692745415"
"1386","Cursed Mail","10000","0","0.26870317131942"
"1387","Cursed Mail -1","4000000","0","0.00539219335578"
"1388","Cursed Fng. Gnt.","5000","2","0.19051923371047"
"1389","Cursed F. Gnt. -1","900000","0","0.019482669374108"
"1390","Cursed Cuisses","10000","0","0.35732796106184"
"1391","Cursed Cuisses -1","1650000","0","0.028167737022199"
"1392","Cursed Greaves","5000","2","0.60647419627779"
"1393","Cursed Greaves -1","1000000","0","0.013863461010875"
"1395","Cursed Cap -1","900000","0","0.020188695040186"
"1394","Cursed Cap","50000","1","0.66586074909643"
"1397","Cursed Harness -1","1400000","0","0.017427647240824"
"1396","Cursed Harness","30000","1","0.41285800379715"
"1398","Cursed Gloves","25000","15","0.18600586590165"
"1399","Cursed Gloves -1","600000","0","0.019450869097024"
"1400","Cursed Subligar","50000","9","0.71332529631483"
"1401","Cursed Subligar -1","755000","0","0.019362776927713"
"1402","Cursed Leggings","70000","2","0.66592962233775"
"1403","C. Leggings -1","600000","0","0.020026599682017"
"1410","Sweet William","","3","0.0017137888047922"
"1411","Phalaenopsis","","1","0.0019465614899975"
"1412","Olive Flower","","0","0.0016426870169224"
"1413","Cattleya","","1","0.0051378457362933"
"1414","Wisteria Lumber","","4","0.048161410827883"
"1409","Siren's Macrame","","17","0.78918235592855"
"1415","Urushi","","10","6.9338555125756"
"1416","Kari. Arrowhd.","","1","0.0025281303957223"
"1417","G. Bird Fltchg.","","1","0.00086521829138042"
"1444","Divine Sap","","5","0.081943350285743"
"1445","Freya's Tear","","3","0.75270949281668"
"1446","Lacquer Tree Log","","0","0.79848863844934"
"1448","Lqr. Tree Sap","","1","0.07030876370258"
"1447","Lqr. Tree Lbr.","","3","0.033128492908785"
"1443","Dried Mugwort","","3","0.03967748377742"
"1449","T. Whiteshell","1000","2","1.8171684561429"
"1450","L. Jadeshell","500000","28","24.685573225296"
"1451","R. Stripeshell","43000000","2","0.24503499264186"
"1452","O. Bronzepiece","1000","3","1.9385758647305"
"1453","M. Silverpiece","480000","41","21.103023789751"
"1454","R. Goldpiece","58000000","6","0.36345546194053"
"1455","1 Byne Bill","1000","1","1.3328326983352"
"1456","100 Byne Bill","480000","36","18.148896572295"
"1457","10,000 Byne Bill","35000000","6","0.21491011558533"
"1458","Mammoth Tusk","","22","2.3285183669971"
"1460","Koh-I-Noor","","10","2.3008328269193"
"1459","Griffon Leather","","8","10.736760480768"
"1461","Wootz Ingot","","11","6.2003398704818"
"1462","Lancewood Lbr.","","15","0.24365398404439"
"1463","Chronos Tooth","","17","0.55153951659349"
"1464","Lancewood Log","","0","6.0961756375936"
"1465","Granite","","4","0.13565900601516"
"1466","Relic Iron","","3","2.5424432055265"
"1467","Relic Steel","","19","0.36973006281988"
"1468","Marksman's Oil","","9","0.14129833809605"
"1470","Sparkling Stone","","13","11.871491108748"
"1469","Wootz Ore","","41","4.150278510588"
"1472","Gardenia Seed","","1","0.016339697075701"
"1471","Sticky Rice","","0","0.016699537094902"
"1474","Infinity Core","","10","0.81216243323865"
"1473","H.Q. Scp. Shell","","0","0.5421158782729"
"1475","Curry Powder","","0","0.017232227812844"
"1514","Chocobo Ticket","","2","0.020183635952692"
"1515","Fang Arrowhd.","","0","0.0010963901278901"
"1517","Giant Frozen Head","","4","0.34846589502981"
"1516","Griffon Hide","","12","17.16308506454"
"1521","Slime Juice","","3","0.035285153661331"
"1519","Fresh Orc Liver","","0","0.1603532046588"
"1520","Goblin Grease","","2","0.033015269424545"
"1523","Apple Mint","","0","0.0035078118349497"
"1518","Colossal Skull","","0","0.60857936304562"
"1522","Fresh Marjoram","","0","0.021219623084185"
"1524","Fresh Mugwort","","4","0.032559343228002"
"1554","Turmeric","","0","0.018636572835031"
"1555","Coriander","","0","0.0030728100883378"
"1586","Titanictus Shell","","1","0.031814231283334"
"1587","H.Q. Pugil Scls.","","0","0.031412134696688"
"1588","Tufa","","5","0.087745311109938"
"1592","Cactuar Root","","3","0.041176436330606"
"1591","H.Q. Coeurl Hide","","3","0.087932394318493"
"1590","Holy Basil","","2","0.061313388126024"
"1606","Burning Memory","","1","0.13457876006981"
"1607","Bitter Memory","","0","0.25915589684947"
"1608","Fleeting Memory","","1","0.17979406088609"
"1609","Profane Memory","","3","0.1626365247978"
"1610","Strtlng. Memory","","0","0.29045242537188"
"1611","Somber Memory","","0","0.61229913363925"
"1612","Radiant Memory","","2","0.26575623828935"
"1613","Malevolent Mem.","","1","0.060806463456815"
"1614","Corse Bracelet","","2","0.026170978479756"
"1615","Buffalo Horn","","6","0.72955399594625"
"1616","Antlion Jaw","","1","0.080394192077915"
"1617","Flytrap Leaf","","1","0.051535344687055"
"1619","Hippogryph Fthr.","","8","0.039902242461691"
"1621","Taurus Wing","","1","0.027587940744015"
"1620","Taurus Horn","","1","0.046438214729273"
"1618","Uragnite Shell","","18","0.98333475218826"
"1624","Bugbear Mask","","0","0.029782889971008"
"1622","Bugard Tusk","","2","0.069388137969318"
"1623","Eft Skin","","3","0.74080107690527"
"1625","Moblin Helm","","2","0.036805892309827"
"1627","Arm. Arrowhd.","","0","0.0027940022449679"
"1626","Avatar Blood","","0","3.0886043369153"
"1628","Buffalo Hide","","0","0.32016876451321"
"1629","Buffalo Leather","","4","1.3698447699517"
"1630","Cluster Ash","","1","0.024619912995963"
"1632","Moblin Mail","","6","0.11059119029554"
"1631","Moblin Armor","","4","0.029014567562889"
"1633","Clot Plasma","","0","0.036002529177675"
"1635","Paktong Ingot","","11","7.3369191393386"
"1636","Moblinweave","","23","8.4562623320492"
"1634","Rhodonite","","20","6.1369564105624"
"1638","Moblin Mask","","1","0.046147447139782"
"1637","Bugard Leather","","5","8.1026485532458"
"1639","Corse Robe","","6","0.29312812012662"
"1640","Bugard Skin","","0","0.12310582313341"
"1641","Fire Anima","","3","0.032685661651423"
"1642","Ice Anima","","1","0.04507825867445"
"1644","Earth Anima","","2","0.016219982951413"
"1643","Wind Anima","","1","0.11924570467035"
"1645","Lightning Anima","","1","0.04545034187179"
"1646","Water Anima","","1","0.10228390246709"
"1647","Light Anima","","1","0.076083654471226"
"1649","Scarlet Stone","","1","0.94125439578876"
"1648","Dark Anima","","2","0.01788405735808"
"1650","Kopparnickel Ore","","0","0.023183402139471"
"1651","Moblin Thread","","4","1.7758528409946"
"1654","Igneous Rock","","1","0.010675677493908"
"1652","Rice Vinegar","","0","0.018171460067184"
"1655","Leather Pouch","","1","0.0032073039923018"
"1657","Bundling Twine","","0","0.002667251882984"
"1656","Brass Tank","","1","0.032748737291699"
"1663","Arnica Root","","2","0.022307822063268"
"1664","Eastern Gem","","3","0.029723539501376"
"1667","Cluster Core","","6","0.029900923497636"
"1670","Sprt. Orichalcum","","3","0.0023931526584325"
"1671","Bwtch. Ash Lbr.","","0","0.00066877312656561"
"1672","Exor. Oak Lbr.","","0","0.0013375330891889"
"1674","Indurated Gold","","0","0.019740559694219"
"1675","Neutralizing Slv.","","5","0.29096410957708"
"1673","Ether. Oak Lbr.","","1","0.099153732077619"
"1676","Frgd. Orichalcum","","2","0.0064154174727825"
"1677","Aqueous Ocl.","","2","0.072114724912038"
"1678","Rogue's Silver","","2","0.0010530817003819"
"1679","Bewitched Gold","","2","0.0046138646649201"
"1681","Light Steel","","5","0.048300946020987"
"1680","H.Q. Bugard Skin","","2","0.053095094986633"
"1688","Recoll. of Pain","","3","0.021094007701207"
"1687","Recoll. of Fear","","2","0.02226458643894"
"1689","Recoll. of Guilt","","6","0.019708451418284"
"1690","Hippogryph Tf.","","3","0.1557939106219"
"1695","Habaneros","","1","0.026722014391549"
"1701","Fine Linen Cloth","","8","0.008650891793171"
"1699","Scarlet Linen","","15","7.605191951876"
"1700","Bloodthread","","7","3.9608753534531"
"1702","Smooth Velvet","","3","0.20221151999029"
"1703","Kunwu Ore","","9","0.8593280054997"
"1704","Kunwu Iron","","12","0.24814552862149"
"1705","Kunwu Sheet","","12","0.26285150684798"
"1711","Molybden. Ingot","","14","4.0283138242965"
"1712","Cashmere Wool","","2","0.57329169360054"
"1714","Cashmere Cloth","","16","0.70841179977921"
"1713","Cashmere Thrd.","","1","0.66456518438376"
"1716","Smth. Btl. Jaw","","0","0.00053809672944725"
"1718","M-bugard Tusk","","0","0.015715550571851"
"1715","Vivified Coral","","0","0.13612114479395"
"1717","Photoanima","","3","0.0080795933005045"
"1719","Harajnite Shell","","2","0.028343918945052"
"1724","Soulflayer Robe","","0","0.74897795716262"
"1725","Snow Lily","","5","2.8417724766442"
"1738","Shakudo Ingot","","12","6.1427769048652"
"1739","Balloon Cloth","","0","6.3561472919428"
"1740","Iolite","","36","5.3634880550651"
"1741","H.Q. Eft Skin","","23","4.3474804237586"
"1762","Cassia Lumber","","2","0.03064279823451"
"1763","Viridian Urushi","","2","0.0094417567222269"
"1765","Habu Skin","","8","0.03243838434019"
"1766","Tiger Eye","","7","0.14430151320178"
"1768","Rheiyoh Leather","","7","0.041421766465174"
"1764","Kejusu Satin","","3","0.032914711787393"
"1767","Eltoro Leather","","5","0.062091520083488"
"1770","Oversized Fang","","2","0.053014240619047"
"1769","Galateia","","6","0.19465134159833"
"1771","Dragon Bone","","0","0.025263912266293"
"1773","Dark Scales","","2","0.0062148716499142"
"1772","Super Cermet","","1","0.059120543325457"
"1774","Red Gravel","","2","0.00800173195737"
"1775","Brimsand","","5","0.0013080845659412"
"1776","Spaghetti","","1","0.00093098596514736"
"1814","Ethrl. Vermilion","","0","0.0063630184900369"
"1815","Sanctified Lbr.","","0","0.0041437644459752"
"1817","Cactus Arm","","0","0.018199602241795"
"1813","Vrml. Lacquer","","5","0.82753341597174"
"1816","Wyrm Horn","","1","0.10385044266972"
"1828","Red Grs. Thread","","7","0.37677545621882"
"1830","Lugworm Sand","","1","0.0041762279021703"
"1831","Worm Mulch","","2","0.6617190910553"
"1834","Ardent Jadeite","","0","0.0016941695462266"
"1832","Bkn. Hume Rod","1000","3","0.034588048416927"
"1833","Bkn. Halcyon Rod","3000","0","0.37281257400157"
"1835","Vivified Mythril","","2","0.74422925155173"
"1829","Red Grass Cloth","","4","1.9182812200269"
"1836","Marble","","4","0.12169985969302"
"1840","Semolina","","0","0.022055981726987"
"1841","Unicorn Horn","","6","0.046637491892687"
"1845","Red Moko Grass","","3","0.063636283287521"
"1869","Lamia Skin","","3","0.017864037554508"
"1879","Vivio Platinum","","1","0.0027767384760081"
"1882","Flaxseed Oil","","2","0.018299145897531"
"1883","Shell Powder","","0","0.019105593826424"
"1885","Zincite","1000","0","0.018403466715554"
"1884","Zinc Oxide","","0","0.01787750401291"
"1889","White Sand","","5","0.056342533073426"
"1886","Sieglinde Putty","","1","0.040939898958434"
"1888","Silica","","5","2.0165177073127"
"1890","River Foliage","","1","0.00094762724590043"
"1891","Sea Foliage","","2","0.00095009090654534"
"1887","Glass Sheet","","8","0.54250801455127"
"1892","Desalinator","","2","0.0023014680607358"
"1893","Salinator","","3","0.0086298777162569"
"1895","Freshwater Set","","1","0.020582003506821"
"1896","Saltwater Set","","4","0.089136836020327"
"1961","Gold Arrowheads","","0","0.0004133197236971"
"1962","Plt. Arrowheads","","0","0.010328342644895"
"1963","Mag. Ctn. Cloth","","0","0.0050279204131498"
"1965","Mag. Silk Cloth","","1","0.00076958567313302"
"1964","Mag. Lin. Cloth","","1","0.00096691944746283"
"1968","Sh. Gold Thread","","1","0.0013353847202228"
"1967","Dull Gold Thread","","0","0.00038502651834494"
"1966","Brl. Gold Thread","","1","0.0015929647155826"
"1969","R. Bgd. Leather","","0","0.0012990882914171"
"1975","Vi. Scorpion Claw","","3","0.0028865170563346"
"1974","Vivio Crab Shell","","1","0.0019726860879652"
"1973","Vivio Femur","","1","0.0021321613903864"
"1976","Vi. Wyv. Scale","","0","0.001858787814439"
"1970","T. Bgd. Leather","","0","0.0032477260386714"
"1972","G. Bgd. Leather","","1","0.0016983775156406"
"1971","S. Bgd. Leather","","1","0.0027103629340804"
"1977","Vi. Sh. Leather","","0","0.00077415959566182"
"1979","Leech Saliva","","0","0.019807370479364"
"1980","Antican Acid","","0","0.022786444597292"
"1981","Skull Locust","","0","0.020714287118528"
"1978","Bld. Ram Lthr.","","0","0.0013468387919814"
"1982","King Locust","","0","0.020408494922631"
"1983","Mushrm. Locust","","0","0.018253522026582"
"1984","Snapping Mole","","2","0.019866241515609"
"1985","Helmet Mole","","1","0.02015234858316"
"1991","Silver Brocade","","12","0.59891538088176"
"1990","Drk. Brz. Sheet","","6","0.14388296559578"
"1989","Dark Bronze","","4","0.025017280309957"
"1992","Holy Leather","","8","1.175616409428"
"1993","Ether Leather","","16","2.5473260152745"
"1995","Ether Holly","","5","0.10819762566822"
"1994","Ether Cotton","","14","2.2551021686566"
"1996","Rainbow Velvet","","4","0.98204784709879"
"1999","Gold Brocade","","3","0.76955635076378"
"1997","Sailcloth","","9","1.602129645666"
"2000","Dark Adaman","","9","0.060709088050705"
"2001","Drk. Adm. Sheet","","2","0.05847620353536"
"1998","Sheep Chammy","","3","0.59620515419356"
"2002","Beast Horn","","4","0.029078786272193"
"2003","White Mouton","","5","0.034902123176137"
"2004","Carap. Powder","","1","0.016868811871523"
"2005","Hunter's Cotton","","6","0.0475147372677"
"2006","Iyo Scale","","5","0.040000883352841"
"2007","Lm. Bf. Leather","","13","0.81203785976144"
"2008","Lt. Steel Sheet","","11","0.15475456534923"
"2009","Coral Horn","","0","0.36376361966358"
"2010","Wolf Felt","","5","1.6410699016004"
"2011","Wolf Fur","","2","0.019191874586786"
"2012","Lm. Rm. Leather","","2","0.11513928014922"
"2016","Loam","","2","0.031941295684168"
"2013","Lizard Blood","","0","0.029588533429615"
"2015","Beast Blood","","4","0.046960980480049"
"2014","Bird Blood","","0","0.098883979838472"
